Feature, Count, % Miss., Card., Min., 1st Qrt., Mean, Median, 3rd Qrt., Max., Std. Dev.
age, 24299, 0, 75, 16, 31.0, 39.90135396518375, 37.0, 48.0, 95, 11.43000137771421
balance, 24299, 0, 5635, -8019, 74.0, 1347.7543108769908, 451.0, 1418.0, 81204, 2945.2449475839994
day, 24299, 0, 31, 1, 8.0, 15.76595744680851, 16.0, 21.0, 31, 8.275938106046091
campaign, 24299, 0, 42, 1, 1.0, 2.769743610848183, 2.0, 3.0, 63, 3.0696681582821252
pdays, 24299, 0, 477, -1, -1.0, 41.03592740441994, -1.0, -1.0, 842, 100.44662089633874
previous, 24299, 0, 37, 0, 0.0, 0.5891600477385901, 0.0, 0.0, 58, 1.9740641228457738
